<?xml version="1.0" encoding="UTF-8"?>
<project-private xmlns="http://www.netbeans.org/ns/project-private/1">
    <editor-bookmarks xmlns="http://www.netbeans.org/ns/editor-bookmarks/2" lastBookmarkId="0"/>
    <open-files xmlns="http://www.netbeans.org/ns/projectui-open-files/2">
        <group>
            <file>file:/home/fvelasco/h/1516/docencia/sg/ejemplos/pendulos/ejemplo03/src/Model/TheUniverse.java</file>
            <file>file:/home/fvelasco/h/1516/docencia/sg/ejemplos/pendulos/ejemplo03/src/Model/Pendulum.java</file>
            <file>file:/home/fvelasco/h/1516/docencia/sg/ejemplos/pendulos/ejemplo03/src/GUI/Control.java</file>
            <file>file:/home/fvelasco/h/1516/docencia/sg/ejemplos/pendulos/ejemplo03/src/GUI/Visualization.java</file>
        </group>
    </open-files>
</project-private>
